<?xml version="1.0" encoding="UTF-8"?>
<project-private xmlns="http://www.netbeans.org/ns/project-private/1">
    <editor-bookmarks xmlns="http://www.netbeans.org/ns/editor-bookmarks/2" lastBookmarkId="0"/>
    <open-files xmlns="http://www.netbeans.org/ns/projectui-open-files/2">
        <group>
            <file>file:/C:/Users/ASUS/OneDrive/Escritorio/POO/bici_ventass/bici_ventas/src/Reportes/Excel.java</file>
            <file>file:/C:/Users/ASUS/OneDrive/Escritorio/POO/bici_ventass/bici_ventas/src/Vista/Login.java</file>
            <file>file:/C:/Users/ASUS/OneDrive/Escritorio/POO/bici_ventass/bici_ventas/src/Modelo/Conexion.java</file>
            <file>file:/C:/Users/ASUS/OneDrive/Escritorio/POO/bici_ventass/bici_ventas/src/Reportes/Grafico.java</file>
        </group>
    </open-files>
</project-private>
